{"cameraMode":{"drawMode":0,"name":"Shaded","section":"Shading Mode"},"sceneLighting":false,"audioPlay":false,"sceneViewState":{"m_AlwaysRefresh":false,"showFog":true,"showSkybox":false,"showFlares":true,"showImageEffects":true,"showParticleSystems":true,"showVisualEffectGraphs":true,"m_FxEnabled":true},"in2DMode":false,"pivot":{"x":-0.07947897911071778,"y":5.763695240020752,"z":-0.25410914421081545},"rotation":{"x":-0.09465093165636063,"y":-0.01881702058017254,"z":0.0017893818439915777,"w":-0.9953314065933228},"size":5.789063930511475,"orthographic":false}