{"cameraMode":{"drawMode":0,"name":"Shaded","section":"Shading Mode"},"sceneLighting":true,"audioPlay":false,"sceneViewState":{"m_AlwaysRefresh":false,"showFog":true,"showSkybox":false,"showFlares":true,"showImageEffects":true,"showParticleSystems":true,"showVisualEffectGraphs":true,"m_FxEnabled":true},"in2DMode":false,"pivot":{"x":0.8041923642158508,"y":-5.320122718811035,"z":18.002294540405275},"rotation":{"x":-0.29639357328414919,"y":-0.07240331172943115,"z":0.022540289908647538,"w":-0.9520531296730042},"size":15.743637084960938,"orthographic":false}